,Country,geoCode,bts
0,Afghanistan,AF,21
1,Albania,AL,21
2,Algeria,DZ,19
3,American Samoa,AS,43
4,Andorra,AD,8
5,Angola,AO,12
6,Anguilla,AI,0
7,Antarctica,AQ,0
8,Antigua & Barbuda,AG,12
9,Argentina,AR,18
10,Armenia,AM,18
11,Aruba,AW,14
12,Australia,AU,11
13,Austria,AT,6
14,Azerbaijan,AZ,23
15,Bahamas,BS,10
16,Bahrain,BH,22
17,Bangladesh,BD,77
18,Barbados,BB,13
19,Belarus,BY,6
20,Belgium,BE,8
21,Belize,BZ,30
22,Benin,BJ,10
23,Bermuda,BM,6
24,Bhutan,BT,94
25,Bolivia,BO,51
26,Bosnia & Herzegovina,BA,8
27,Botswana,BW,16
28,Bouvet Island,BV,0
29,Brazil,BR,15
30,British Indian Ocean Territory,IO,0
31,British Virgin Islands,VG,9
32,Brunei,BN,49
33,Bulgaria,BG,7
34,Burkina Faso,BF,7
35,Burundi,BI,13
36,Cambodia,KH,20
37,Cameroon,CM,24
38,Canada,CA,11
39,Cape Verde,CV,18
40,Caribbean Netherlands,BQ,0
41,Cayman Islands,KY,8
42,Central African Republic,CF,10
43,Chad,TD,12
44,Chile,CL,21
45,China,CN,5
46,Christmas Island,CX,0
47,Cocos (Keeling) Islands,CC,0
48,Colombia,CO,24
49,Comoros,KM,37
50,Congo - Brazzaville,CG,30
51,Congo - Kinshasa,CD,7
52,Cook Islands,CK,0
53,Costa Rica,CR,26
54,Croatia,HR,7
55,Cuba,CU,54
56,Curaçao,CW,13
57,Cyprus,CY,8
58,Czechia,CZ,8
59,Côte d’Ivoire,CI,76
60,Denmark,DK,7
61,Djibouti,DJ,30
62,Dominica,DM,21
63,Dominican Republic,DO,19
64,Ecuador,EC,32
65,Egypt,EG,13
66,El Salvador,SV,62
67,Equatorial Guinea,GQ,24
68,Eritrea,ER,0
69,Estonia,EE,6
70,Eswatini,SZ,12
71,Ethiopia,ET,17
72,Falkland Islands (Islas Malvinas),FK,0
73,Faroe Islands,FO,8
74,Fiji,FJ,57
75,Finland,FI,6
76,France,FR,30
77,French Guiana,GF,65
78,French Polynesia,PF,48
79,French Southern Territories,TF,0
80,Gabon,GA,31
81,Gambia,GM,8
82,Georgia,GE,15
83,Germany,DE,9
84,Ghana,GH,10
85,Gibraltar,GI,11
86,Greece,GR,8
87,Greenland,GL,22
88,Grenada,GD,14
89,Guadeloupe,GP,51
90,Guam,GU,41
91,Guatemala,GT,58
92,Guernsey,GG,8
93,Guinea,GN,9
94,Guinea-Bissau,GW,8
95,Guyana,GY,35
96,Haiti,HT,15
97,Heard & McDonald Islands,HM,0
98,Honduras,HN,47
99,Hong Kong,HK,18
100,Hungary,HU,8
101,Iceland,IS,6
102,India,IN,44
103,Indonesia,ID,39
104,Iran,IR,15
105,Iraq,IQ,26
106,Ireland,IE,5
107,Isle of Man,IM,3
108,Israel,IL,6
109,Italy,IT,7
110,Jamaica,JM,17
111,Japan,JP,52
112,Jersey,JE,4
113,Jordan,JO,11
114,Kazakhstan,KZ,11
115,Kenya,KE,10
116,Kiribati,KI,34
117,Kosovo,XK,15
118,Kuwait,KW,14
119,Kyrgyzstan,KG,18
120,Laos,LA,14
121,Latvia,LV,7
122,Lebanon,LB,17
123,Lesotho,LS,21
124,Liberia,LR,4
125,Libya,LY,20
126,Liechtenstein,LI,0
127,Lithuania,LT,7
128,Luxembourg,LU,12
129,Macao,MO,12
130,Madagascar,MG,27
131,Malawi,MW,12
132,Malaysia,MY,29
133,Maldives,MV,55
134,Mali,ML,8
135,Malta,MT,8
136,Marshall Islands,MH,0
137,Martinique,MQ,50
138,Mauritania,MR,18
139,Mauritius,MU,37
140,Mayotte,YT,100
141,Mexico,MX,49
142,Micronesia,FM,38
143,Moldova,MD,11
144,Monaco,MC,0
145,Mongolia,MN,30
146,Montenegro,ME,5
147,Montserrat,MS,0
148,Morocco,MA,17
149,Mozambique,MZ,8
150,Myanmar (Burma),MM,88
151,Namibia,,10
152,Nauru,NR,0
153,Nepal,NP,44
154,Netherlands,NL,6
155,New Caledonia,NC,47
156,New Zealand,NZ,11
157,Nicaragua,NI,64
158,Niger,NE,22
159,Nigeria,NG,15
160,Niue,NU,0
161,Norfolk Island,NF,0
162,North Korea,KP,0
163,North Macedonia,MK,10
164,Northern Mariana Islands,MP,43
165,Norway,NO,6
166,Oman,OM,18
167,Pakistan,PK,59
168,Palau,PW,0
169,Palestine,PS,10
170,Panama,PA,26
171,Papua New Guinea,PG,17
172,Paraguay,PY,36
173,Peru,PE,48
174,Philippines,PH,47
175,Pitcairn Islands,PN,0
176,Poland,PL,7
177,Portugal,PT,9
178,Puerto Rico,PR,21
179,Qatar,QA,20
180,Romania,RO,9
181,Russia,RU,8
182,Rwanda,RW,9
183,Réunion,RE,48
184,Samoa,WS,40
185,San Marino,SM,0
186,Saudi Arabia,SA,10
187,Senegal,SN,24
188,Serbia,RS,7
189,Seychelles,SC,14
190,Sierra Leone,SL,10
191,Singapore,SG,30
192,Sint Maarten,SX,7
193,Slovakia,SK,11
194,Slovenia,SI,9
195,Solomon Islands,SB,30
196,Somalia,SO,24
197,South Africa,ZA,15
198,South Georgia & South Sandwich Islands,GS,0
199,South Korea,KR,16
200,South Sudan,SS,4
201,Spain,ES,7
202,Sri Lanka,LK,73
203,St. Barthélemy,BL,55
204,St. Helena,SH,12
205,St. Kitts & Nevis,KN,10
206,St. Lucia,LC,14
207,St. Martin,MF,41
208,St. Pierre & Miquelon,PM,0
209,St. Vincent & Grenadines,VC,17
210,Sudan,SD,13
211,Suriname,SR,27
212,Svalbard & Jan Mayen,SJ,0
213,Sweden,SE,6
214,Switzerland,CH,6
215,Syria,SY,15
216,São Tomé & Príncipe,ST,0
217,Taiwan,TW,18
218,Tajikistan,TJ,28
219,Tanzania,TZ,6
220,Thailand,TH,62
221,Timor-Leste,TL,24
222,Togo,TG,21
223,Tokelau,TK,0
224,Tonga,TO,41
225,Trinidad & Tobago,TT,25
226,Tunisia,TN,22
227,Turkey,TR,14
228,Turkmenistan,TM,64
229,Turks & Caicos Islands,TC,7
230,Tuvalu,TV,0
231,U.S. Outlying Islands,UM,0
232,U.S. Virgin Islands,VI,8
233,Uganda,UG,9
234,Ukraine,UA,5
235,United Arab Emirates,AE,21
236,United Kingdom,GB,8
237,United States,US,12
238,Uruguay,UY,14
239,Uzbekistan,UZ,31
240,Vanuatu,VU,0
241,Vatican City,VA,0
242,Venezuela,VE,22
243,Vietnam,VN,21
244,Wallis & Futuna,WF,0
245,Western Sahara,EH,19
246,Yemen,YE,10
247,Zambia,ZM,8
248,Zimbabwe,ZW,12
249,Åland Islands,AX,0
